1,vsoame0@ning.com,pIy2ZIlc3j
2,apurdom1@wp.com,nZpXYs
3,mbriggdale2@toplist.cz,28sMdP4swM5
4,gcroll3@uol.com.br,ZUSCqyq
5,dscardifeild4@alexa.com,PdLl542
6,lramsey5@reverbnation.com,nJjz652WapS
7,ahalifax6@salon.com,iyEROaEnDuA7
8,imanuel7@1688.com,Chwfu9klQt2M
9,jsails8@ovh.net,pCnPGU
10,rtither9@vk.com,n37jHJF6
11,sstrauna@1688.com,TSaBt4oZK
12,jrobionb@eventbrite.com,WMTG6N1q8W
13,mmcnivenc@webs.com,tyWfFqHoEVx0
14,ochardind@vimeo.com,Z5iEyePxI5
15,tscollande@ibm.com,7RHdyCFawBl9
16,aglamartf@istockphoto.com,L32Fa6lPcISq
17,tlownieg@chicagotribune.com,qXuFV1zrCyDA
18,gdanilyakh@whitehouse.gov,yRofH2Ve8C
19,esthilli@freewebs.com,9mvSFEtQFUR
20,agiacopelloj@cargocollective.com,sZ3dR4U
21,ecroppk@disqus.com,5YElqtNG
22,gdoodl@eepurl.com,Zk9vOAb
23,uonolanm@chicagotribune.com,NZrWNXjT
24,xwynchn@exblog.jp,XYpGLs
25,gantonuttio@shareasale.com,7Ra6cELP
26,jmacallenp@woothemes.com,s3eSm3osV
27,sseageq@php.net,prmvSxk1
28,lzelaker@paginegialle.it,3VkNwxQGZc
29,mgolders@parallels.com,fY7695t
30,alaundert@skyrock.com,cdaTFyL7
31,pmccurtu@squidoo.com,CkWrmrE2ENe
32,bmainzv@a8.net,GYOJWUf5n
33,dblythew@blogger.com,NbYXsha1cs
34,cmahoneyx@ezinearticles.com,p9oN2eCoRSH9
35,sbohlingy@hp.com,B6aPbvWfO1T
36,jpocockz@diigo.com,RtbfUY1j9
37,cgyenes10@github.io,o64K72o2vHh2
38,lgoathrop11@eventbrite.com,X7ECbC
39,lrollings12@sourceforge.net,zAAjCn41
40,aburdin13@macromedia.com,HjRdht
41,cmcguckin14@unblog.fr,D57NpR
42,bbentall15@europa.eu,8B3T2q6XOwal
43,bjuanico16@google.it,Gnx0c0
44,ugrzelewski17@redcross.org,YubegtWusdQ3
45,mdadson18@freewebs.com,3jUYrxSmCt
46,rsteeden19@irs.gov,drPflOvaH3r
47,jhaylett1a@bloglines.com,aH7C8ji8pQ
48,rblakey1b@shop-pro.jp,SE1BjZ
49,aimpett1c@aboutads.info,cYdXAJR
50,mlaver1d@fc2.com,yHbdG2A
51,myeude1e@joomla.org,PUPiVXGrHG
52,pkittles1f@yahoo.co.jp,7gLuvfv
53,sreddish1g@ocn.ne.jp,lIwqkdKcAmrI
54,amolineaux1h@feedburner.com,kfgtIlL
55,krielly1i@tripod.com,Gt3HprrKhi
56,jsahlstrom1j@tinyurl.com,HpaHwWa
57,cwarsop1k@wix.com,6ACYeyBu
58,aheijnen1l@archive.org,Acm6EugDWQ
59,pheddon1m@pbs.org,GOshN3
60,ebadby1n@examiner.com,UuhBoxLl
61,cducastel1o@blogger.com,hOoCRL42
62,braspin1p@sourceforge.net,tEwlIGEoOl
63,jpeat1q@plala.or.jp,lggmb74
64,iwindas1r@ebay.co.uk,tW9myhMkOEd
65,mcartin1s@globo.com,Gyn05gQLOOfK
66,smcgarrahan1t@mozilla.org,bf9n8fq
67,pbartod1u@dot.gov,yYoLHGfqY7
68,bjancso1v@wordpress.org,OLDZHF3Hm6
69,ehardwin1w@amazon.com,ZFZhCXpR
70,pkillingworth1x@miitbeian.gov.cn,2pHXMKwYj2I
71,rlambell1y@dot.gov,FdKlTAC
72,amathelon1z@cisco.com,rNaCirKpu020
73,mlassetter20@tuttocitta.it,tZmKnEhA1hiJ
74,rdashwood21@sbwire.com,yCGT1hRGC
75,mmetham22@geocities.jp,ARE80VI6dGUz
76,ptosdevin23@tamu.edu,3w0V5Il
77,apottinger24@cnn.com,34qpXEZiCqCC
78,ssabbin25@a8.net,jEZKIBM4BlTr
79,mgoodread26@admin.ch,UTC5pD
80,rgreenhowe27@is.gd,x12l9I
81,smaidment28@surveymonkey.com,HShXaXb0yLkh
82,heustes29@ihg.com,nW40ZDnr
83,cfensome2a@dedecms.com,1E6FZQ9mCqCj
84,ccund2b@google.ca,Yc2AHcEslTqb
85,gchipps2c@disqus.com,kIOeg6DtYtW
86,yboulter2d@google.fr,jN55MGt
87,omoore2e@jalbum.net,XdyLa3wzS
88,idecker2f@t-online.de,LjLVaVfnvfW3
89,lduguid2g@mayoclinic.com,uHwMvG3YBWoo
90,mchasmer2h@woothemes.com,YKsx0uO2X
91,rdomesday2i@meetup.com,ln6Q9UWSOR
92,resberger2j@nih.gov,EKA9Exl
93,tzanutti2k@bing.com,p2wokldw6Qa
94,smaccallion2l@addtoany.com,JYttSnM
95,pdoyland2m@wired.com,O76dVK3K0Fe
96,rlong2n@ucoz.com,VAt8wpWh
97,hcandwell2o@prnewswire.com,mS1egZk
98,cstopp2p@hubpages.com,SOXZjo
99,ggittis2q@indiegogo.com,RksJgFD
100,mcrellim2r@fc2.com,CuNHG24ubban
